{
    "name": "root",
    "metadata": {
        "timer_format_version": "0.1.0",
        "start_time_seconds": "1653431912",
        "python_version": "3.7.9 (tags/v3.7.9:13c94747c7, Aug 17 2020, 18:58:18) [MSC v.1900 64 bit (AMD64)]",
        "command_line_arguments": "C:\\Users\\wilbe\\AppData\\Local\\Programs\\Python\\Python37\\Scripts\\mlagents-learn config/ppo/config.yaml --run-id=BirdTest_01 --force",
        "mlagents_version": "0.28.0",
        "mlagents_envs_version": "0.28.0",
        "communication_protocol_version": "1.5.0",
        "pytorch_version": "1.7.1+cu110",
        "numpy_version": "1.21.6",
        "end_time_seconds": "1653432033"
    },
    "total": 121.0466076,
    "count": 1,
    "self": 0.0049046999999973195,
    "children": {
        "run_training.setup": {
            "total": 0.05402129999999994,
            "count": 1,
            "self": 0.05402129999999994
        },
        "TrainerController.start_learning": {
            "total": 120.9876816,
            "count": 1,
            "self": 0.08975789999973927,
            "children": {
                "TrainerController._reset_env": {
                    "total": 4.3537028,
                    "count": 1,
                    "self": 4.3537028
                },
                "TrainerController.advance": {
                    "total": 116.47382650000026,
                    "count": 8454,
                    "self": 0.09372530000037216,
                    "children": {
                        "env_step": {
                            "total": 111.04123929999992,
                            "count": 8454,
                            "self": 94.10077880000051,
                            "children": {
                                "SubprocessEnvManager._take_step": {
                                    "total": 16.88382339999986,
                                    "count": 8454,
                                    "self": 0.2630580000000222,
                                    "children": {
                                        "TorchPolicy.evaluate": {
                                            "total": 16.620765399999836,
                                            "count": 8454,
                                            "self": 7.778420199999745,
                                            "children": {
                                                "TorchPolicy.sample_actions": {
                                                    "total": 8.842345200000091,
                                                    "count": 8454,
                                                    "self": 8.842345200000091
                                                }
                                            }
                                        }
                                    }
                                },
                                "workers": {
                                    "total": 0.05663709999955113,
                                    "count": 8453,
                                    "self": 0.0,
                                    "children": {
                                        "worker_root": {
                                            "total": 56.47072620000009,
                                            "count": 8453,
                                            "is_parallel": true,
                                            "self": 27.355670599999954,
                                            "children": {
                                                "steps_from_proto": {
                                                    "total": 0.0003335999999998229,
                                                    "count": 1,
                                                    "is_parallel": true,
                                                    "self": 0.00018859999999953914,
                                                    "children": {
                                                        "_process_rank_one_or_two_observation": {
                                                            "total": 0.0001450000000002838,
                                                            "count": 2,
                                                            "is_parallel": true,
                                                            "self": 0.0001450000000002838
                                                        }
                                                    }
                                                },
                                                "UnityEnvironment.step": {
                                                    "total": 29.114722000000132,
                                                    "count": 8453,
                                                    "is_parallel": true,
                                                    "self": 0.39717329999986006,
                                                    "children": {
                                                        "UnityEnvironment._generate_step_input": {
                                                            "total": 0.3497152000003787,
                                                            "count": 8453,
                                                            "is_parallel": true,
                                                            "self": 0.3497152000003787
                                                        },
                                                        "communicator.exchange": {
                                                            "total": 27.03210759999986,
                                                            "count": 8453,
                                                            "is_parallel": true,
                                                            "self": 27.03210759999986
                                                        },
                                                        "steps_from_proto": {
                                                            "total": 1.33572590000003,
                                                            "count": 8453,
                                                            "is_parallel": true,
                                                            "self": 0.9357050999998071,
                                                            "children": {
                                                                "_process_rank_one_or_two_observation": {
                                                                    "total": 0.400020800000223,
                                                                    "count": 16906,
                                                                    "is_parallel": true,
                                                                    "self": 0.400020800000223
                                                                }
                                                            }
                                                        }
                                                    }
                                                }
                                            }
                                        }
                                    }
                                }
                            }
                        },
                        "trainer_advance": {
                            "total": 5.338861899999974,
                            "count": 8453,
                            "self": 0.10032700000005601,
                            "children": {
                                "process_trajectory": {
                                    "total": 0.5073892999999199,
                                    "count": 8453,
                                    "self": 0.5073892999999199
                                },